Year,Country,High-input farms,Low-input farms,Average Farm Income,%_area_under_organic_farming,Pesticide_Factor_Risk,Population,GDP_per_capita,total_farms,Organic Producer per 100 farms,arable land,permanent crops,permanent grassland,Nitrogen per 1000 ha,Phosphorus per 1000 ha,Organic Producers per 1000 ha,Organic Processors per 1000 ha,Organic Exporters per 1000 ha,Producer/Processor Ratio,Cluster
2013,Austria,37.7,34.1,20279.67,18.4,95,8451860,34300.3,140430.0,15.568610695720286,47.301,2.282,50.327,38.647447632090106,4.972680650074762,7.63788935313928,0.8360000558963682,0.0031441707075082798,0.10945432923203587,1
2014,Austria,46.1,26.2,18833.8,19.35,97,8507786,34659.0,140430.0,15.797194331695508,49.764,2.407,47.755,44.75509542884072,5.194833883129124,8.167412818096135,0.7797773327049953,0.0033135014137606034,0.09547421565091958,1
2015,Austria,45.9,25.3,17739.01,20.3,102,8584926,35671.6,140430.0,16.428113650929287,49.479,2.407,48.039,45.61020438170857,4.593074547860609,8.480370533745036,0.594397882664314,0.003675930010292604,0.07009102730819246,1
2016,Austria,47.6,25.3,20119.14,21.25,111,8700471,36379.9,130050.0,18.618223760092274,49.705,2.485,47.74,49.10351342405433,5.746365519575429,9.00503192838521,0.6259227991356836,0.0037190897156012094,0.06950811547515798,1
2017,Austria,53.2,21.1,22131.06,23.37,116,8772865,37005.8,130050.0,6.808919646289889,50.041,2.518,47.403,42.131979695431475,4.439364955037732,3.334513247676573,0.2519242645619003,0.003012547259335131,0.07555053642010164,2
2018,Austria,51.2,19.9,20738.51,24.08,123,8822267,38413.6,130050.0,7.084454696911445,50.009,2.52,47.434,37.71742079401923,4.940011455099026,3.4716988715722628,0.2419136044373436,0.0026376872757965814,0.06968162083936323,2
2019,Austria,50.7,23.2,19503.08,25.33,116,8858775,39255.1,130050.0,6.941689093938229,49.978,2.521,47.463,38.764506715129215,4.991290315283046,3.403815168676304,0.24369521884810966,0.0005027235045860952,0.07159472731972087,2
2020,Austria,50.3,21.7,19370.89,25.69,112,8901064,37382.2,110780.0,9.74062706866462,49.933,2.57,47.458,44.32292138906519,4.612083295554145,4.076626268121417,0.2635728030142755,0.0005037225093440525,0.06465463981218336,2
2021,Austria,47.7,23.8,20568.17,25.69,117,8932664,40108.6,110780.0,24.11987723415779,50.833,2.595,46.493,36.24182993978844,3.7491018217168945,10.26709036345961,0.7396762331459488,0.0019212369692102565,0.07204341317365269,1
2022,Austria,47.7,23.8,25907.38,25.69,119,8978929,44069.5,110780.0,23.69651561653728,50.801,2.572,46.546,37.53053460075168,2.6024135317809893,10.098441629383998,0.9132490353951321,0.00038468788348573383,0.0904346501085673,1
2013,Belgium,20.9,46.6,38981.34,4.67,97,11137974,31651.9,37760.0,4.385593220338984,61.11,1.376,37.218,111.86788886647692,4.862651934527145,1.2371411282189202,0.6432237387659966,0.0,0.519927536231884,0
2014,Belgium,17.4,55.5,37092.36,5.0,112,11180840,32350.7,37760.0,4.242584745762712,61.422,1.387,36.901,114.96850157492125,5.188990550472476,1.2014399280035997,0.6682165891705414,0.0,0.5561797752808989,0
2015,Belgium,13.4,64.3,40669.53,5.17,105,11237274,33117.5,37760.0,4.589512711864407,62.843,1.394,35.763,112.9478239961529,4.699146429430151,1.3021459485453233,0.7619018994950709,0.0278011541235874,0.5851125216387767,0
2016,Belgium,13.7,66.0,36231.08,5.8,101,11311117,33626.2,36890.0,5.275142314990513,63.226,1.412,35.362,118.91274622122029,4.1649728371336705,1.4383384456188328,0.8248641856683543,0.062086551609446025,0.5734840698869476,0
2017,Belgium,12.7,68.4,39738.27,6.28,84,11351727,34513.4,36890.0,5.706153429113581,63.342,1.46,35.198,117.23958921114998,4.126697513448444,1.583718918105556,0.9231463717413384,0.08125493736598577,0.5828978622327791,0
2018,Belgium,12.9,68.2,36162.11,6.56,85,11398589,35574.0,36890.0,6.137164543236649,63.184,1.447,35.37,110.5229779953985,4.181169252551472,1.6695180225355437,1.0345997286295794,0.07890389947495724,0.6196996466431095,0
2019,Belgium,12.1,69.0,43692.62,6.85,66,11455519,36876.7,36890.0,6.489563567362429,63.557,1.449,34.994,112.86744682417016,4.294546257451976,1.7619783616692426,1.1665562670199454,0.1126076396555531,0.6620718462823726,0
2020,Belgium,13.3,66.2,38902.81,7.25,49,11522440,35847.0,36000.0,6.65,63.591,1.581,34.828,111.4572665827896,4.133627878397753,1.7511776926002869,1.159405448108377,0.11191737133159728,0.6620718462823726,0
2021,Belgium,12.1,69.9,37368.02,7.48,46,11554767,39015.8,36000.0,7.3277777777777775,63.613,1.58,34.808,109.64474424655232,4.2095723922210615,1.9279256893540206,1.3746884843346903,0.14031907974070204,0.7130401819560273,0
2022,Belgium,12.1,69.9,41808.36,7.6,41,11617623,43103.0,36000.0,7.411111111111111,63.764,1.607,34.63,90.08965350133268,4.221277470611127,1.9590134443538851,1.3605891725591264,0.1541952111372998,0.6945277361319341,0
2013,Bulgaria,68.1,15.3,7142.97,1.13,28,7202556,12190.4,254410.0,0.797138477261114,69.31,2.706,27.648,51.821881800400796,2.3334821455383365,0.40599706512969685,0.009008810616783214,0.0009342470269256668,0.022189349112426034,2
2014,Bulgaria,73.8,11.8,7581.68,0.96,23,7117453,12891.4,254410.0,0.7468259895444361,69.711,2.539,27.407,64.70075268946837,5.655016657222886,0.38176988518773036,0.014065206296390066,0.0009376804197593377,0.03684210526315789,2
2015,Bulgaria,74.7,11.3,6914.02,2.37,47,7029690,13582.9,254410.0,1.3352462560433944,69.721,2.655,27.311,68.16495692897722,5.501956503953914,0.6778423183524261,0.01942203483062589,0.0011972487224358424,0.028652732803454026,2
2016,Bulgaria,79.9,10.2,8682.01,3.2,109,6938759,14409.0,201010.0,1.648508366084606,69.333,2.797,27.564,72.87056822685263,7.179258415464979,0.6599076089518017,0.01639645703763153,0.0005974417544076265,0.024846594909968815,2
2017,Bulgaria,79.1,10.3,9300.28,2.72,90,6849518,15326.5,201010.0,1.648508366084606,69.078,2.935,27.684,69.81169214618464,5.877686384214828,0.6588422112337866,0.016369985532114002,0.0005964772056235872,0.024846594909968815,2
2018,Bulgaria,68.4,14.4,9492.57,2.56,154,6757418,16309.2,201010.0,1.3712418950964298,68.856,3.036,27.812,67.45727872007126,6.615933904275707,0.5479482918114565,0.023524204086717505,0.0005301229089964509,0.04293143064457612,2
2019,Bulgaria,71.7,13.7,10236.58,2.34,164,6664177,17436.1,201010.0,1.0800457688672205,68.727,3.022,27.96,69.97282365949573,6.650362185779766,0.43097030850804074,0.02024825954298487,0.000397024696921272,0.04698295716259788,2
2020,Bulgaria,72.7,13.7,10834.63,2.3,106,6569275,17487.2,132740.0,1.5519059816182008,68.909,2.992,27.817,72.18485313784734,6.82371588488781,0.4081430481945614,0.03321940990968679,0.0010566810309244308,0.08139158576051779,2
2021,Bulgaria,60.6,18.2,14484.25,1.71,80,6532117,19686.3,132740.0,3.278589724273015,69.111,2.933,27.684,67.94475488447667,6.308405659255736,0.8623627789006459,0.05667181865018032,0.0009907660603178377,0.06571691176470588,2
2022,Bulgaria,60.6,18.2,15602.52,2.2,64,6482484,22083.7,132740.0,3.209281301792979,68.819,2.755,28.161,68.34924313926953,6.3798520925675914,0.8482574879631067,0.07686088975440357,0.017124446940100277,0.09061032863849765,2
2013,Croatia,33.2,33.0,4561.45,3.13,100,4247803,16108.6,157440.0,0.42365345528455284,67.255,5.634,26.906,59.90113852138283,9.623234753730369,0.5127574357515702,0.054837626812012,0.0,0.10694652673663167,2
2014,Croatia,34.6,31.8,3946.71,4.03,98,4217632,16139.3,157440.0,0.5686822493224932,65.363,6.254,28.21,59.37769468195702,13.599329502687631,0.7215367712438318,0.08461805023894527,0.0,0.1172747580044676,2
2015,Croatia,30.5,35.0,5331.4,4.94,87,4180915,16845.6,157440.0,0.9326304200542005,54.756,4.908,40.196,56.85893225288268,8.388884191905724,0.9549328078493091,0.09560167270409656,0.0004335676766625694,0.10011350737797957,2
2016,Croatia,40.2,28.6,5929.32,6.05,74,4131115,17640.9,134440.0,1.047059406922543,56.436,4.601,38.845,46.23893098046738,3.6961733959911767,0.9000138529245656,0.08098632822906345,0.0006393657491768166,0.08998342410608572,2
2017,Croatia,43.6,26.0,5954.24,6.46,64,4078769,18743.0,134440.0,1.2273132996132103,54.476,4.807,40.594,65.75441315996953,9.949487525556906,1.1024547993532265,0.10423209012066868,0.0002227181412834801,0.09454545454545454,2
2018,Croatia,51.1,26.0,6327.8,6.94,67,4014341,19694.0,134440.0,1.31285331746504,54.111,4.869,40.895,66.92020327802645,10.476222528859422,1.1880321744690876,0.09266426592176263,0.0016827651196446,0.07799811142587346,2
2019,Croatia,47.2,26.9,6640.28,7.19,61,3968676,21296.6,134440.0,1.5060001983536646,54.692,4.896,40.289,64.54119445644588,9.990361926285352,1.3457852814428308,0.10059047049309272,0.0006646947389411413,0.07474481396114586,2
2020,Croatia,52.0,23.6,7175.83,7.21,56,3933511,19997.3,143920.0,1.4068000741152493,59.018,5.233,35.631,65.70398550002987,10.206412120487848,1.3442127370464056,0.10047293095473628,0.0006639180459564071,0.07474481396114586,2
2021,Croatia,31.7,25.8,8937.34,8.26,42,3893026,23017.4,143920.0,4.185658699277376,58.031,5.306,36.55,69.2180038608731,10.17712602025265,4.080333254309616,0.25603684763098183,0.0006773461577539202,0.06274900398406374,1
2022,Croatia,31.7,25.8,9369.07,8.94,44,3862305,25610.3,143920.0,4.260700389105058,58.806,5.44,35.637,61.074506878833084,9.774711310017128,4.235040609978451,0.262445438974529,0.0006906458920382341,0.06196999347684279,1
2013,Cyprus,28.8,34.5,18355.81,4.03,95,865878,21973.6,35380.0,2.108535895986433,73.864,24.363,1.727,65.81723140110147,18.155511994772706,6.9635022869411,0.6160739288714646,0.0,0.08847184986595175,1
2014,Cyprus,23.0,45.8,17616.33,3.63,91,858000,21619.2,35380.0,2.100056529112493,73.54,24.778,1.644,62.53386900868915,16.145006073063627,6.941978884424928,0.4765019153508362,0.03737269924320284,0.06864064602960969,1
2015,Cyprus,26.4,54.0,16423.52,3.72,91,847008,23000.6,35380.0,2.916902204635387,77.679,20.764,1.526,59.56353285364118,16.778682691547402,8.1600379536649,0.47442081125958724,0.023721040562979363,0.05813953488372093,1
2016,Cyprus,28.7,56.9,19288.87,4.94,92,848319,24919.3,34940.0,3.360045792787636,75.203,23.533,1.229,71.88139969726649,20.915323657733058,10.453209865550708,0.5075238180037397,0.03561570652657822,0.048551959114139696,1
2017,Cyprus,28.7,58.4,19722.48,4.61,92,854802,26381.6,34940.0,3.3629078420148826,77.729,20.882,1.355,64.41304526410909,17.850981680768914,9.652509652509652,0.525753717243079,0.016429803663846217,0.05446808510638298,1
2018,Cyprus,12.0,62.3,19854.53,4.55,89,864236,27748.7,34940.0,3.574699484831139,78.934,19.828,1.201,59.075807913017215,17.117185140440956,9.43068559347629,0.43038356991845367,0.007550588945937783,0.045636509207365894,1
2019,Cyprus,15.9,61.7,18222.2,4.98,92,875899,29336.6,34940.0,3.5832856325128795,76.905,21.811,1.245,62.41723175109693,18.085360989230157,9.988033506182688,0.4866374152373355,0.0,0.048722044728434506,1
2020,Cyprus,8.8,59.2,20538.68,4.63,79,888005,27692.9,34050.0,3.5917767988252565,77.782,20.324,1.769,61.2302394740961,17.741430583815934,9.571137893254031,0.547816559712005,0.0,0.05723630417007359,1
2021,Cyprus,8.3,57.7,20117.78,6.43,71,896007,31486.2,34050.0,3.794419970631424,76.753,21.317,1.798,64.24700279191985,18.61553621284283,10.609295450812942,0.5748070290688126,0.0,0.05417956656346749,1
2022,Cyprus,8.3,57.7,18877.39,6.3,62,904705,35346.9,34050.0,3.8091042584434653,76.439,21.663,1.767,63.71854385536281,18.46241550614871,10.56274940956104,0.5863669679941363,0.0,0.05551272166538165,1
2013,Czechia,39.0,33.1,17285.15,13.47,88,10516125,22403.9,26250.0,5.23047619047619,71.143,1.169,27.654,94.18233456404431,5.169270093723374,0.38994603805737005,0.054340622929092114,0.004733503739467955,0.13935421218742414,2
2014,Czechia,40.6,31.5,19881.47,13.44,85,10512419,23510.6,26250.0,5.196190476190477,70.901,1.189,27.891,92.63588162341135,5.708905551320416,0.38798939571504965,0.05831218923869881,0.007774958565159842,0.15029325513196481,2
2015,Czechia,42.9,31.4,17656.24,13.68,93,10538275,24596.6,26250.0,15.699047619047619,71.44,1.106,27.415,113.67138751817548,6.074041422895939,1.1795450121933069,0.15971514603345432,0.02003595021925054,0.13540402814850763,2
2016,Czechia,45.0,30.9,19928.69,14.0,84,10553843,25439.7,26530.0,6.353813293127278,71.583,1.206,27.189,116.7120978906727,5.937875309204624,0.48316656109042583,0.0729956995596372,0.01261182243700538,0.15107771405971918,2
2017,Czechia,47.2,28.8,19334.66,14.09,71,10578820,27209.7,26530.0,16.683000376931776,71.052,1.151,27.778,112.90790695561053,6.860759996932977,1.2569114510710442,0.18600926354530817,0.04004168879372283,0.14798915499322188,0
2018,Czechia,46.3,28.7,18522.94,14.76,73,10610055,28488.4,26530.0,17.342630983791935,70.674,1.202,28.102,99.84616345275062,6.374566447738149,1.3059076640118983,0.205493838023172,0.04683215921798809,0.15735709628341665,0
2019,Czechia,45.5,28.7,19034.59,15.19,65,10649800,30001.7,26530.0,6.2708883025505715,70.668,1.167,28.148,94.22929567551921,7.19053484161355,0.4721416557405274,0.22760425239665577,0.019392714771951133,0.48206772189941893,2
2020,Czechia,46.5,27.7,20726.88,15.33,45,10693939,29175.3,28910.0,5.850340136054422,70.655,1.249,28.083,81.00071796065122,5.878763972564255,0.4799647357403461,0.10670087148504344,0.017878071552015255,0.22230981474182107,2
2021,Czechia,38.1,30.3,23051.88,15.55,35,10494836,31540.7,28910.0,16.59287443791076,70.286,1.211,28.487,87.7233837611196,4.471358150603433,1.3590005099439062,0.2634710181879993,0.046178253725423536,0.1938711694809256,0
2022,Czechia,38.1,30.3,22117.86,15.97,42,10516707,33057.9,28910.0,17.478381182981668,70.386,1.176,28.402,92.03324250372476,4.626928240832536,1.4312744659275667,0.2750380974501617,0.04956917307289218,0.1921630714427073,0
2013,Denmark,34.6,30.8,44438.75,6.44,90,5602628,33830.2,38280.0,6.695402298850575,91.548,1.012,7.44,73.67379557043914,4.680721516097115,0.9753405890859274,0.11454448588172615,0.028540984854250703,0.11744049941474834,2
2014,Denmark,29.0,44.3,45492.01,6.25,42,5627235,34309.0,38280.0,2.5522466039707417,91.58,1.158,7.262,70.43740573152338,5.279034690799397,0.3684012066365008,0.29675716440422323,0.02828054298642534,0.8055271238485159,0
2015,Denmark,27.3,43.1,28956.61,6.33,52,5659715,35154.6,38280.0,3.3228840125391854,89.204,1.12,9.676,77.97337587117113,5.24126929869538,0.4831083005754003,0.34486032776923226,0.025826544370383033,0.7138364779874213,0
2016,Denmark,28.0,42.3,27942.65,7.81,51,5707251,35987.4,35050.0,9.432239657631955,90.347,1.059,8.594,91.70164946097292,5.256942592663137,1.2593805950249515,0.3702716087006209,0.0339034703439869,0.294010889292196,0
2017,Denmark,27.2,46.7,44155.68,8.6,54,5748769,37956.9,35050.0,10.359486447931527,90.02,1.06,8.92,89.8764869076122,7.904837912818758,1.3799262721848515,0.386881009386995,0.034203625584311934,0.2803635362159185,0
2018,Denmark,26.0,53.2,36655.22,9.75,53,5781190,38804.6,35050.0,11.243937232524964,90.781,1.14,8.08,85.2372269705603,5.6258309591642925,1.4970560303893636,0.3658119658119658,0.037606837606837605,0.24435422481603655,0
2019,Denmark,27.1,52.0,44915.64,11.09,53,5806081,39384.0,35050.0,11.69472182596291,91.181,0.944,7.871,85.77303884234577,5.623381568926123,1.560929169840061,0.4158415841584158,0.039603960396039604,0.26640644059526714,0
2020,Denmark,26.0,51.4,58891.52,11.45,53,5822763,40050.6,37090.0,4.408196279320572,90.431,1.08,8.489,89.11259541984732,6.216793893129771,0.6240458015267175,0.4435114503816794,0.06450381679389312,0.710703363914373,0
2021,Denmark,25.2,54.3,48207.8,11.58,50,5840045,44373.6,37090.0,4.408196279320572,90.053,0.999,8.948,77.2143293614421,5.752367858234036,0.6244271310724107,0.4437824625725634,0.06454323250840208,0.710703363914373,0
2022,Denmark,25.2,54.3,51858.72,11.43,57,5873420,48563.3,37090.0,11.040711782151522,90.802,1.148,8.05,74.71696675240545,4.198532914165952,1.5604458416690483,0.37458321425169094,0.06439935219586548,0.24004884004884006,0
2013,Estonia,56.9,27.6,19466.02,15.65,106,1320174,20049.1,19190.0,2.9807191245440334,65.048,0.352,33.606,34.8472926804017,3.2394657832073714,0.5921938088829072,0.08696552438140595,0.0,0.14685314685314685,2
2014,Estonia,57.7,27.7,18154.96,15.96,122,1315819,21049.2,19190.0,8.035435122459614,66.096,0.349,32.571,36.73163725892491,3.872589249076734,1.5818629462453837,0.11181780878128847,0.0,0.07068741893644617,2
2015,Estonia,56.9,28.0,14741.12,15.68,143,1314870,21392.3,19190.0,8.488796248045857,67.019,0.332,31.693,36.509661835748794,3.5446859903381642,1.6394927536231885,0.11876006441223833,0.0,0.07243707796193984,2
2016,Estonia,55.4,29.5,9262.36,18.02,177,1315944,22187.4,16700.0,10.497005988023952,68.416,0.346,30.322,36.26271786031031,3.4319538420145292,1.7468684915945034,0.1345278073960399,0.0,0.07701083856246435,2
2017,Estonia,56.3,28.6,15549.61,20.01,162,1315635,23729.7,16700.0,11.305389221556887,68.763,0.411,29.889,38.02389415682959,4.13819092918326,1.922939816465172,0.1721275577238422,0.010185062587209599,0.08951271186440678,2
2018,Estonia,58.0,28.2,11945.27,20.98,141,1319133,25223.4,16700.0,11.664670658682635,68.972,0.416,29.678,39.47210740654229,4.125239928097739,1.9783277646318056,0.1736622421725045,0.01624909868280744,0.087782340862423,2
2019,Estonia,57.0,29.3,15771.65,22.33,160,1324820,26432.2,16700.0,12.335329341317365,69.398,0.414,29.258,41.92389797755992,4.102548537550207,2.084155360629698,0.17502858125676593,0.0161876144514928,0.08398058252427185,2
2020,Estonia,59.4,27.8,16928.76,22.41,152,1328976,25992.0,11370.0,18.02990325417766,70.387,0.418,28.897,42.09810646804538,4.898220120552838,2.08024678830191,0.17859679743470053,0.018265581555821645,0.08585365853658537,2
2021,Estonia,57.9,27.5,17034.97,22.97,132,1330068,28434.3,11370.0,17.96833773087071,70.832,0.406,28.464,47.398826355316366,5.023969513616509,2.0706011128340784,0.19763446745112348,0.024324242147830584,0.09544787077826726,2
2022,Estonia,57.9,27.5,22029.74,23.42,114,1331796,30493.1,11370.0,17.994722955145118,71.645,0.385,27.673,42.64101966112694,3.9230995426937465,2.0746088561259772,0.1906287707486235,0.027377536224536356,0.09188660801564028,2
2013,Finland,28.6,33.7,23295.88,9.07,103,5426674,29820.1,54400.0,2.8345588235294117,87.182,0.151,1.359,61.16001062605154,4.951740015939078,0.6827238112104844,0.29443017798636323,0.00575577791552289,0.43125810635538264,2
2014,Finland,30.6,31.4,23338.94,9.29,107,5451270,29765.4,54400.0,7.806985294117647,98.417,0.146,1.438,65.0022053634439,5.224505998588568,1.8732357092448837,0.2994883556810163,0.005733944954128441,0.15987756063103367,2
2015,Finland,28.0,36.8,19771.63,9.91,121,5471753,30370.4,54400.0,7.955882352941177,98.575,0.145,1.223,63.11485505652575,4.831302511767034,1.90384023226147,0.19926978401442835,0.005718558923151366,0.10466728280961184,2
2016,Finland,29.4,32.0,20601.99,10.47,130,5487308,30950.7,49710.0,9.03842285254476,98.655,0.149,1.126,60.728951417894045,4.320949659265772,1.975379204220708,0.23521653110573754,0.0048362277423609585,0.11907411529045181,2
2017,Finland,29.6,39.2,21448.09,11.41,125,5503297,32438.6,49710.0,9.384429692214846,98.688,0.15,1.087,61.15130710324796,5.392130974386058,2.05307631370478,0.15843675732770005,0.006601531555320835,0.07717041800643087,2
2018,Finland,25.0,43.6,20703.51,13.09,136,5513130,33387.9,49710.0,9.384429692214846,98.71,0.15,1.061,60.91157181213962,4.856287688718694,2.0533474184603193,0.1584576785950086,0.006602403274792024,0.07717041800643087,2
2019,Finland,31.1,31.3,24551.56,13.48,111,5517919,33991.9,49710.0,10.31784349225508,98.729,0.163,1.034,64.56064737443926,5.00659688626968,2.2556953118128242,0.18911073973084702,0.009675433195531708,0.08383700526418406,2
2020,Finland,33.6,30.8,26027.92,13.93,130,5525292,34036.4,45630.0,11.181240412009643,98.797,0.163,0.96,61.372687224669605,5.04977973568282,2.2475770925110132,0.23039647577092512,0.014537444933920705,0.10250882007056056,2
2021,Finland,32.1,48.5,23467.71,14.45,109,5533793,36160.8,45630.0,10.973044049967127,98.889,0.159,0.904,64.28880070546737,5.6265432098765435,2.2076719576719577,0.20414462081128748,0.016313932980599646,0.09247054124226084,2
2022,Finland,32.1,48.5,29317.77,14.98,88,5548241,38614.7,45630.0,10.837168529476223,98.87,0.172,0.869,47.13598658665725,3.82236145428874,2.18187433815743,0.19767031415460642,0.01809036357218496,0.09059656218402427,2
2013,France,41.7,28.5,28581.47,3.66,100,65600350,28699.3,472210.0,5.393151352152644,63.658,3.557,32.275,71.51491009750217,6.942457323504204,0.8737728170089776,0.3073146865335301,0.001063610057222221,0.3517100561510975,2
2014,France,43.7,28.2,32501.72,3.87,110,66165980,28945.7,472210.0,5.604709768958726,63.86,3.551,32.099,74.55503491129593,7.375161760142989,0.9103974363296253,0.3851972527778714,0.0010663613891868204,0.4231088944305902,2
2015,France,39.8,29.0,34204.03,4.54,103,66458153,29507.4,472210.0,6.1167700811079815,63.94,3.464,32.094,75.6944580664988,6.8329257041110845,0.9940027400117075,0.4075259814159618,0.001066821940879481,0.4099847666528182,2
2016,France,40.7,28.9,29819.08,5.28,102,66638391,29854.2,455390.0,7.085355409648872,63.962,3.554,31.964,76.10362628779451,6.515284124901077,1.1087549581442082,0.4407392020441832,0.0010652514629167066,0.39750821297960703,2
2017,France,35.8,33.0,34744.3,5.99,92,66809816,30579.3,455390.0,8.05705000109796,63.942,3.581,31.957,76.77274543809509,6.286310625665562,1.2608014822690234,0.5105952202184574,0.0010652434098372824,0.4049766972827124,0
2018,France,39.5,30.4,39180.31,7.01,105,67026224,31458.9,455390.0,8.05705000109796,62.818,3.6,33.06,77.56108167563515,6.251447269760057,1.264327970624559,0.5120233658256881,0.001068222918136909,0.4049766972827124,0
2019,France,39.0,31.7,36180.85,7.72,60,67290471,33240.1,455390.0,8.05705000109796,62.743,3.623,33.112,73.21988080283406,6.556016397362475,1.2641528546198377,0.5119524479244547,0.0010680749637026782,0.4049766972827124,0
2020,France,38.2,33.7,35234.07,8.77,65,67473651,31594.6,393030.0,9.335419688064524,59.408,3.691,36.492,70.29574211934111,6.516518379664452,1.2788838983529371,0.5179181773630126,0.0010805211318563423,0.4049766972827124,0
2021,France,38.8,33.0,35942.39,9.67,66,67728568,33974.3,393030.0,14.877744701422282,59.489,3.668,36.437,68.24542983952996,6.592509400621725,2.0375941238230277,1.5105808610276061,0.0010802308348755662,0.7413551321955056,0
2022,France,38.8,33.0,43408.03,9.87,64,67957053,35906.6,393030.0,15.398824517212425,59.605,3.681,36.307,69.21933735466386,6.2597779526182356,2.116338840807763,1.78445668327651,0.001084010840108401,0.8431809920359539,0
2013,Germany,40.2,26.1,41687.27,6.04,96,80523746,33112.8,285030.0,2.9646002175209625,71.115,1.196,27.671,98.73458046899327,7.429698914944071,0.5060001437160172,0.21743035761335602,0.026288054803707876,0.4297041420118343,0
2014,Germany,41.0,23.8,39963.66,6.18,105,80767463,34350.7,285030.0,8.32087850401712,70.968,1.213,27.807,100.1679541758347,7.414079690041137,1.4180737587295513,0.6941189132306516,0.026248445422366786,0.48948011974533034,0
2015,Germany,36.9,29.3,26019.53,6.34,103,81197537,34895.2,285030.0,8.798372101182332,70.806,1.223,27.955,108.94887840915203,7.859981949350595,1.4989211449610595,0.8535207731894062,0.04632203075782842,0.5694233989951352,0
2016,Germany,38.1,32.5,28578.42,6.82,96,82175684,35817.8,276120.0,10.008691873098654,70.611,1.199,28.18,102.68481112198283,7.542094616091098,1.658933062807268,0.8700454411755878,0.047242014778886954,0.5244608481690548,0
2017,Germany,38.2,34.0,40665.63,6.82,97,82521653,37160.3,276120.0,10.779371287845864,70.544,1.193,28.255,99.40715394341805,6.04615486028297,1.7836318637526742,0.9000257680990934,0.07442785831141048,0.5046028759575326,0
2018,Germany,42.7,27.5,30571.03,7.34,84,82792351,38154.8,276120.0,11.721715196291466,70.477,1.198,28.317,89.91529038575918,5.469898048074208,1.9444761521408704,0.9414181951445171,0.07257391064036864,0.4841500339862819,0
2019,Germany,38.8,31.8,41408.09,7.75,82,83019213,38540.0,276120.0,12.362740837317109,70.285,1.197,28.51,80.54026161046441,5.270010800432018,2.048241929677187,0.969758790351614,0.07728309132365295,0.47345910475744085,0
2020,Germany,37.8,33.4,35213.71,9.59,70,83166711,37486.0,262560.0,13.430073126142597,70.285,1.194,28.504,82.6805664356734,6.518830973184694,2.1248568846037963,1.039710756251883,0.08128954504368786,0.4893086041631218,0
2021,Germany,37.8,35.6,35489.29,9.65,68,83155031,39694.5,262560.0,13.801035953686776,70.264,1.218,28.507,76.27260946870385,5.057408914203056,2.1840098845794533,1.1774703914655094,0.08775577856131152,0.5391323545645215,0
2022,Germany,37.8,35.6,51023.2,9.83,68,83237124,42161.7,262560.0,13.973187081048142,70.244,1.221,28.523,66.09181133962844,3.0116481569638864,2.2107997035233713,1.3245635707355874,0.09081103230510577,0.5991332315743567,0
2013,Greece,26.9,43.5,12993.43,7.36,125,11003615,18567.1,709500.0,3.098801973220578,36.362,23.501,40.131,35.014885748047206,4.96754293080429,4.21750072894127,0.29829044089437257,0.0030692264014855054,0.07072682616210316,1
2014,Greece,29.8,40.0,13849.58,6.71,54,10926807,18953.1,709500.0,2.8451021846370685,37.305,23.004,39.532,30.691805752840907,4.443359375,3.733502012310606,0.30240145596590906,0.004993785511363636,0.08099673040721292,1
2015,Greece,29.6,39.2,14886.49,7.69,58,10858018,19126.1,709500.0,2.7630725863284002,36.976,24.129,38.734,31.054989785910415,4.150265226174525,3.7046625759915037,0.28837559125500073,0.007936942878578003,0.07784125688634973,1
2016,Greece,28.2,42.6,13240.75,6.51,61,10783748,19103.2,684900.0,2.9488976492918675,37.608,23.802,38.426,35.17672110576649,4.280662395193643,3.8399528490218073,0.2842367435405061,0.013118618932638744,0.07402089419220677,1
2017,Greece,30.8,38.9,15693.56,7.96,61,10768193,19697.2,684900.0,4.060154767119287,36.833,23.796,39.206,37.29638248360482,5.467711351731125,5.397065074149479,0.3078159237486002,0.006598828125758137,0.05703394706559264,1
2018,Greece,33.4,33.4,15961.45,9.32,63,10741165,20199.9,684900.0,4.320922762447073,34.978,23.805,41.06,33.932356917956525,4.895188207373228,5.596391864676015,0.29160087366798726,0.00888796437250026,0.052105156450631886,1
2019,Greece,34.0,36.2,18371.43,10.26,60,10724599,20760.5,684900.0,4.398306322090816,35.235,23.244,41.361,36.8201064155952,5.04076935913905,5.845483934815596,0.31862583391870963,0.01009046489876547,0.054508033461691675,1
2020,Greece,33.4,34.0,19650.6,10.15,51,10718565,18864.6,530680.0,5.628438983945127,33.506,23.595,42.743,38.527618309944714,5.374065974120648,5.670410363890407,0.3138099143429925,0.007593706336188566,0.05534165857578091,1
2021,Greece,33.0,34.8,19151.77,10.15,43,10678632,21031.4,530680.0,6.748511343936083,33.688,21.366,44.788,40.11306491624857,5.7789161986053275,6.8817026607918,0.33742690845085305,0.0076862621515000696,0.04903247424119733,1
2022,Greece,33.0,34.8,21255.73,17.22,37,10459782,23948.7,530680.0,11.059583930052009,32.675,21.087,46.085,31.168040569220114,4.644460827022317,10.92624861306585,0.3222527533900766,0.01359009300836256,0.029493448740011245,1
2013,Hungary,43.7,23.8,8118.74,2.45,93,9895250,17745.0,486760.0,0.34555016846084313,81.006,3.403,14.215,62.83075966576654,6.686916430398616,0.314982453117802,0.06947591564013349,0.0,0.2205707491082045,2
2014,Hungary,43.3,24.1,8617.66,2.34,114,9850217,18484.4,486760.0,0.3434957679349166,81.015,3.382,14.233,63.8196509735705,6.700147765744533,0.3127396517217515,0.04750949254624694,0.0,0.1519138755980861,2
2015,Hungary,36.4,26.5,8127.8,2.43,118,9815858,19363.4,486760.0,0.40492234366012,81.02,3.35,14.243,70.76415191388679,6.737180746102554,0.36865583705075333,0.07668639938650881,0.0,0.20801623541349568,2
2016,Hungary,42.8,25.6,8693.33,3.48,116,9779652,19571.7,430000.0,0.793953488372093,80.995,3.298,14.643,75.52295114760412,7.728029882388571,0.6382537198750413,0.08263273116132638,0.0,0.12946690099589925,2
2017,Hungary,43.0,25.7,8825.36,3.73,113,9739857,20415.8,430000.0,0.8469767441860464,80.814,3.284,15.018,79.30751007047465,9.643553775213555,0.6804576741127146,0.09192344197239308,0.0,0.13509060955518945,2
2018,Hungary,38.5,25.0,9056.32,3.92,99,9713655,21872.1,430000.0,0.9137209302325582,81.098,3.244,14.957,79.39641976278963,9.572250354617893,0.7352473342839713,0.09637372796035766,0.0,0.1310766098243828,2
2019,Hungary,39.6,24.9,9657.89,5.71,84,9700272,23166.3,430000.0,1.194418604651163,81.168,3.219,14.887,78.33118624659102,9.410643523331675,0.9673190796908194,0.09850231282677152,0.0,0.10183021806853583,2
2020,Hungary,36.7,26.6,10358.01,6.03,79,9689376,22729.3,232060.0,2.2097733344824615,82.07,3.211,14.657,89.06816490191841,9.795353229769422,1.0260350388564752,0.10424419954060521,0.0,0.10159906396255851,2
2021,Hungary,35.2,30.0,10751.32,5.81,70,9651461,24726.9,232060.0,2.210204257519607,82.033,2.958,14.943,90.37534090841571,10.008100597939002,1.0158427097589429,0.09685066973525502,0.0,0.09534022226554884,2
2022,Hungary,35.2,30.0,11013.45,6.31,63,9610403,27238.2,232060.0,2.6669826768939067,81.869,2.894,15.18,64.05447692898122,5.64056641835841,1.2180553232107536,0.09210694639887425,0.004920242863187727,0.0756180319922443,2
2013,Ireland,42.3,26.0,18878.82,1.2,96,4609779,35270.1,139600.0,0.9677650429799426,10.589,0.034,89.377,78.84599923173815,8.260154903029274,0.3017214425456267,0.04310306322080381,0.0004466638675730965,0.14285714285714285,1
2014,Ireland,37.1,33.0,19437.81,1.16,110,4637852,37762.7,139600.0,0.9133237822349571,10.391,0.035,89.574,74.30095534982465,7.9688626723817455,0.2855300108837322,0.05441866089784072,0.0006718353197264287,0.19058823529411764,1
2015,Ireland,38.4,32.5,18799.59,1.65,114,4677627,51526.8,139600.0,1.2249283667621778,10.246,0.038,89.716,74.69222314752751,8.248983856807877,0.3859200129994109,0.05754947562271918,0.000902736872513242,0.14912280701754385,1
2016,Ireland,41.1,31.4,19420.04,1.72,102,4726286,50820.2,137560.0,1.283076475719686,10.309,0.039,89.652,76.01694725279653,8.311103140621848,0.39566006859602326,0.06164675289739739,0.00044834002107198105,0.1558073654390935,1
2017,Ireland,39.8,33.3,24609.51,1.66,90,4799157,55322.2,137560.0,0.44465445381409324,10.253,0.041,89.706,82.21691567113145,9.331931453418308,0.1362526294529921,0.02858706394517818,0.00044551268485991966,0.20980926430517713,1
2018,Ireland,45.3,28.0,20854.7,1.65,82,4855733,58604.4,137560.0,0.44465445381409324,9.963,0.042,89.995,90.4542475265941,10.271609640304337,0.13544314635536148,0.028417226891996824,0.00044286587364150893,0.20980926430517713,1
2019,Ireland,42.4,30.0,21224.01,1.63,123,4940311,59945.0,137560.0,0.44465445381409324,9.765,0.042,90.193,81.20066752870706,9.432048009018269,0.13520035071044653,0.02836628611636072,0.0004420719914238034,0.20980926430517713,1
2020,Ireland,43.3,28.3,24655.32,1.66,50,5012600,62536.5,130190.0,1.36492818188801,9.817,0.041,90.141,84.12406736681577,9.810436625275411,0.39388928541346185,0.03989874584942213,0.0059848118774133196,0.10129431626336523,1
2021,Ireland,48.0,25.0,27948.14,2.0,51,5066893,73614.0,130190.0,1.4701589983869727,10.028,0.039,89.933,92.034133171014,10.621770617897088,0.4413056560444349,0.04957195195901437,0.013372898668013179,0.11233019853709508,1
2022,Ireland,48.0,25.0,32584.76,2.2,45,5154277,84257.6,130190.0,1.6844611721330363,10.24,0.038,89.722,78.93976579805086,7.875736337644594,0.5044243512983234,0.04462303882894425,0.012190830195536316,0.08846329229366165,1
2013,Italy,34.3,35.2,24786.09,10.6,84,60277309,26308.7,1010330.0,4.549503627527639,54.941,19.227,24.229,46.866409142121356,7.893046837276678,3.699098664091421,0.8739739256397876,0.049975857073877354,0.23626672468182314,1
2014,Italy,35.0,33.7,22653.04,10.91,90,60345917,26273.0,1010330.0,4.816446111666485,52.893,18.814,28.019,45.68051477380377,7.84173142612312,3.825583817800891,0.9937775891007575,0.04882017900732303,0.25977148493691177,1
2015,Italy,35.8,32.9,21983.75,11.79,101,60295497,26872.6,1010330.0,5.207110548038759,52.142,19.328,28.269,45.788882140197096,7.8199083950654344,4.155237112082958,1.1577385160126974,0.049048684571147846,0.27862152863578477,1
2016,Italy,34.7,33.4,21441.78,13.99,98,60163712,28117.2,1145710.0,5.605868849883478,52.142,19.088,28.519,45.03804312280625,7.758741509204786,5.000809759470293,1.29078774024162,0.04033225053958011,0.25811574571441914,1
2017,Italy,33.9,35.0,21929.83,14.67,95,60066734,28941.2,1145710.0,5.829398364333033,52.932,19.084,27.744,44.38298444918594,7.709897545316495,5.135267093400996,1.4222170962843357,0.03613786209945601,0.2769509492723244,1
2018,Italy,33.4,37.0,23141.27,15.17,89,59937769,29550.9,1145710.0,6.051705929074547,52.074,19.349,28.35,44.60981892127433,7.6983441464123175,5.371162970853104,1.5560763048319939,0.04508569768567832,0.28970938198600993,1
2019,Italy,34.2,35.2,22756.34,15.16,82,59816673,30341.4,1145710.0,6.158713810650164,52.578,18.364,28.835,43.68982981247433,7.464525254368755,5.365773904579398,1.6684156894952167,0.05634895286763699,0.31093663638553876,1
2020,Italy,35.3,35.2,22204.43,15.96,66,59641488,28383.6,1130530.0,6.332428153167098,52.649,18.65,28.497,43.70270397968624,7.623527869691986,5.455665005860324,1.729062485234878,0.06744326763774812,0.31692973879033387,1
2021,Italy,31.9,38.7,22283.37,16.83,56,59236213,31822.0,1130530.0,6.711365465755,53.174,18.701,27.942,44.05070445092251,7.723627941500314,5.84211490811878,1.8326965632897065,0.07976950002386925,0.3137042992329388,1
2022,Italy,31.9,38.7,27732.96,18.14,46,59030133,35255.9,1130530.0,7.308695921382006,54.138,18.429,27.255,44.05296820718417,7.539066330718487,6.380261319911879,1.86781731234764,0.07845311461181538,0.2927493434349547,1
2013,Latvia,43.7,32.3,5437.76,9.89,104,2023825,15765.4,81800.0,1.5008149959250205,64.329,0.341,35.33,37.11775043936731,5.682483889865261,0.6538140633043973,0.01650955956755605,0.0,0.025251153950583763,2
2014,Latvia,44.5,28.6,5782.07,10.86,123,2001468,16458.0,81800.0,1.4963325183374083,64.571,0.336,35.092,38.95060080106809,5.449399198931909,0.653671562082777,0.0267022696929239,0.000534045393858478,0.04084967320261438,2
2015,Latvia,47.6,28.6,6522.54,12.29,121,1986096,17348.0,81800.0,1.9352078239608803,65.248,0.355,34.396,40.22707979626486,5.641447368421053,0.839876910016978,0.020514997170345217,0.00017685342388228635,0.024426194988418613,2
2016,Latvia,47.2,28.4,6169.4,13.42,135,1968957,17922.6,69930.0,2.2984889651556317,66.715,0.388,32.897,40.549570081839846,5.755205635553714,0.8325563728029283,0.014330605338582134,0.00017265789564556788,0.01721277478224803,2
2017,Latvia,50.1,29.0,7458.45,13.92,120,1950116,18996.4,69930.0,2.1407121407121408,66.748,0.393,32.859,40.07918434944622,5.8482558741331125,0.7747645171307318,0.012076044577855983,0.00017251492254079977,0.01558672901358272,2
2018,Latvia,54.1,24.6,6533.09,14.47,126,1934379,20227.1,69930.0,2.1407121407121408,66.815,0.428,32.757,38.46431704422313,5.924454306207751,0.7724856803756643,0.012040524966888556,0.00017200749952697936,0.01558672901358272,2
2019,Latvia,54.9,26.3,8589.3,14.79,140,1919968,20944.1,69930.0,2.0744554077887414,67.296,0.454,32.25,41.19526385628254,5.977340002041441,0.7403626960634208,0.01309924806913681,0.0,0.017693014705882353,2
2020,Latvia,56.0,25.9,8965.71,14.79,130,1907675,20909.3,68980.0,2.1030250314100707,67.725,0.467,31.808,42.83697308278314,6.927374301675978,0.7367530049094295,0.01303538175046555,0.0,0.017693014705882353,2
2021,Latvia,55.8,25.4,9673.04,15.34,116,1893223,22448.4,68980.0,2.1030250314100707,69.144,0.472,30.384,42.965331709050304,7.263083092228821,0.736341640864254,0.013028103480364789,0.0,0.017693014705882353,2
2022,Latvia,55.8,25.4,11275.79,15.88,107,1875757,23905.6,68980.0,5.6596114815888665,68.854,0.523,30.623,41.77070645554202,5.776492082825822,1.9813235891189604,0.19488428745432398,0.0,0.09836065573770492,2
2013,Lithuania,35.3,39.1,6891.89,5.74,105,2974637,19167.8,171800.0,1.4959254947613503,79.142,0.961,19.624,53.607249083488966,6.282423739365013,0.8888427751262364,0.03735214774849554,0.0,0.04202334630350195,2
2014,Lithuania,39.3,35.5,6260.34,5.57,108,2947862,20067.7,171800.0,1.4231664726426076,79.531,0.992,19.209,54.87247230972462,6.577583578904583,0.8281678691189919,0.0226941706466145,0.0,0.027402862985685072,2
2015,Lithuania,44.0,33.1,6738.29,7.11,118,2926644,20735.3,171800.0,1.5552968568102443,72.184,1.007,26.546,55.42688525462747,6.586581325100799,0.8889007172417464,0.020293017871162625,0.0,0.02282934131736527,2
2016,Lithuania,46.6,34.6,5611.37,7.5,142,2895573,21373.0,150320.0,1.68906333155934,72.462,1.016,26.255,54.24297407635593,7.520835731163213,0.8594950678049871,0.022003615363262764,0.0006770343188696235,0.025600630169358016,2
2017,Lithuania,44.9,33.9,6989.39,7.98,134,2859077,23069.0,150320.0,1.648483235763704,71.594,1.049,27.088,56.94424098306482,7.996770358156379,0.8442038489972099,0.02929843866576273,0.0,0.03470540758676352,2
2018,Lithuania,51.1,27.5,5235.77,8.13,102,2826200,24742.6,150320.0,1.6471527408195847,71.704,1.054,26.973,54.095879860072,7.608839486568744,0.840110883779006,0.027483433596970714,0.0,0.0327140549273021,2
2019,Lithuania,52.8,26.9,6831.91,8.14,109,2812200,26376.2,150320.0,1.607903139968068,74.283,1.031,24.441,60.034823646466045,7.717673000581515,0.812439705679683,0.041680812372478566,0.0,0.05130326851468763,2
2020,Lithuania,56.3,25.8,9398.46,8.0,95,2809977,26356.9,132080.0,1.6883706844336765,76.368,1.056,22.329,63.13044128341228,8.087930460313038,0.7577868546068682,0.05029258048511951,0.0,0.06636771300448431,2
2021,Lithuania,55.9,24.4,9241.55,8.91,83,2810761,29290.6,132080.0,1.914748637189582,77.517,1.071,21.165,63.83248169343006,8.20774339823045,0.8609449628421738,0.04119191004503876,0.0,0.04784499802293397,2
2022,Lithuania,55.9,24.4,10265.1,9.32,113,2805998,31656.3,132080.0,2.002574197456087,78.674,1.082,19.994,44.897124995706385,5.717720605914883,0.9085288359152268,0.055645244392539414,0.0,0.0612476370510397,2
2013,Luxembourg,43.1,29.6,20559.44,3.39,100,537039,72564.0,2080.0,3.990384615384615,47.779,1.168,51.053,101.99938949938951,3.9300976800976803,0.6333943833943835,0.48840048840048844,0.0,0.7710843373493976,0
2014,Luxembourg,37.6,32.5,26926.09,3.43,106,549680,75179.1,2080.0,1.3301282051282053,47.833,1.182,50.984,96.99420201403721,3.9288983826670734,0.21106703285525377,0.21869596175363645,0.0,1.036144578313253,0
2015,Luxembourg,40.4,31.7,21983.71,3.21,104,562958,77559.7,2080.0,4.230769230769231,47.876,1.18,50.936,99.00289237326838,3.927538438118435,0.6698127568884154,0.6013091794793728,0.0,0.8977272727272727,0
2016,Luxembourg,45.7,29.3,20516.7,3.47,77,576249,78453.3,1970.0,4.720812182741117,47.44,1.179,51.374,105.09758897818598,3.7581324148488324,0.7118254879448909,0.6276310753922694,0.0,0.8817204301075269,0
2017,Luxembourg,50.8,28.1,25989.11,4.15,69,590667,78882.1,1970.0,5.228426395939087,47.408,1.182,51.395,103.49954254345838,3.888380603842635,0.7853003964623361,0.6709362610551998,0.0,0.8543689320388349,0
2018,Luxembourg,53.2,27.9,27895.48,4.39,62,602005,78878.5,1970.0,5.228426395939087,47.34,1.186,51.467,99.10307084220128,3.0100334448160533,0.7829127394344786,0.7145028884159319,0.0,0.912621359223301,0
2019,Luxembourg,54.4,27.7,27521.61,4.42,52,613894,78748.0,1970.0,5.32994923857868,47.222,1.186,51.584,104.83319401170301,2.8193631734934264,0.7979329736302151,0.7675355270157307,0.0,0.9619047619047619,0
2020,Luxembourg,55.8,27.5,25874.12,4.63,45,626108,77911.9,1880.0,6.0638297872340425,47.162,1.181,51.65,99.07673679430907,2.9438474345391255,0.8627213561374301,0.7870440441955503,0.0,0.9122807017543859,0
2021,Luxembourg,50.4,33.6,26796.52,5.19,35,634730,86840.7,1880.0,6.542553191489361,47.218,1.175,51.608,104.90173932685792,3.124764701453204,0.9261350801897448,0.8056622242301031,0.0,0.8699186991869918,0
2022,Luxembourg,50.4,33.6,32239.09,6.23,32,645397,90585.7,1880.0,7.925531914893617,47.019,1.147,51.826,63.062179293691514,2.0072441895562934,1.1243585873830364,0.8300633866586175,0.0,0.738255033557047,0
2013,Malta,33.1,31.2,12441.67,0.06,110,421464,23888.2,9360.0,0.046296296296296294,76.732,10.778,0.0,48.84516680923867,2.651839178785287,0.3706871970345024,0.3136583974907328,0.0,0.8461538461538461,2
2014,Malta,32.6,35.7,11932.12,0.29,94,428156,25202.3,9360.0,0.046296296296296294,76.732,10.778,0.0,50.81266039349872,2.3952095808383236,0.3706871970345024,0.285143997718848,0.0,0.7692307692307693,2
2015,Malta,30.8,41.3,13506.36,0.25,115,438805,27569.1,9360.0,0.056980056980056974,76.732,10.778,0.0,52.86569717707442,3.2506415739948675,0.45623039635015683,0.2566295979469632,0.0,0.5625,2
2016,Malta,34.3,37.0,12713.31,0.21,77,449635,28471.5,9310.0,0.07518796992481204,79.706,10.967,0.0,49.05008635578584,4.835924006908463,0.6044905008635578,0.3454231433506045,0.0,0.5714285714285714,2
2017,Malta,31.3,38.3,11348.72,0.35,87,459375,31409.5,9310.0,0.05012531328320802,79.706,10.967,0.0,50.51813471502591,4.7495682210708114,0.40299366724237196,0.20149683362118598,0.0,0.5,2
2018,Malta,35.4,34.5,10983.64,0.41,78,474837,32634.5,9310.0,0.08950948800572861,79.706,10.967,0.0,50.604490500863555,3.454231433506045,0.7196315486470928,0.14392630972941856,0.0,0.19999999999999998,2
2019,Malta,36.0,33.7,11470.65,0.47,68,492968,33374.5,9310.0,0.10383100608664518,79.706,8.981,0.0,50.604490500863555,3.454231433506045,0.8347725964306275,0.25906735751295334,0.0,0.3103448275862069,2
2020,Malta,37.5,35.8,10034.3,0.62,78,514855,31892.3,7650.0,0.13943355119825707,72.617,8.785,0.0,54.76635514018692,3.738317757009346,0.9968847352024922,0.28037383177570097,0.0,0.28125,2
2021,Malta,37.5,35.8,8984.59,0.61,68,516125,36726.7,7650.0,0.32679738562091504,72.507,8.854,0.0,54.61323392357875,3.727865796831314,2.3299161230195713,0.7455731593662628,0.0,0.32,2
2022,Malta,37.5,35.8,8214.07,0.62,63,520174,38441.8,7650.0,0.32679738562091504,72.507,8.854,0.0,54.61323392357875,3.727865796831314,2.3299161230195713,0.65237651444548,0.0,0.28,2
2013,Netherlands,44.6,24.6,49023.56,2.65,94,16779575,35807.4,67480.0,2.4451689389448727,55.672,1.981,41.843,116.92249404633039,2.1563108898029877,0.8930504438190084,0.5888720502273219,0.037886988525654905,0.6593939393939394,0
2014,Netherlands,44.6,24.0,47357.28,2.67,90,16829289,35649.6,67480.0,2.159158269116775,56.308,1.996,41.207,115.93257205002719,3.1914083741163677,0.7922784121805329,0.5432300163132137,0.03806416530723219,0.6856554564172959,0
2015,Netherlands,49.4,25.1,48939.45,2.67,83,16900726,36628.4,67480.0,2.18583283935981,55.968,2.057,41.502,132.67939861844778,2.024109440606799,0.7991331437085196,0.5385344710822159,0.039550318298794525,0.6738983050847458,0
2016,Netherlands,51.2,22.1,50083.53,3.03,89,16979120,36924.6,55680.0,2.7963362068965516,57.239,2.127,40.634,127.9463997416855,3.3463975148363825,0.8668010198968968,0.5511451571598767,0.04509369467671718,0.6358381502890174,0
2017,Netherlands,53.6,22.5,55641.29,3.31,83,17081507,38484.6,55680.0,3.045977011494253,57.916,2.118,39.966,128.62194760864585,3.0257152274593713,0.9474913267671886,0.5558690272012693,0.048603623483930075,0.5866745283018868,0
2018,Netherlands,53.9,22.8,45953.68,3.5,76,17181084,39880.5,55680.0,3.2094109195402303,56.013,2.075,41.911,116.50460930640912,2.892339771729587,0.9805750658472344,0.565737489025461,0.0636523266022827,0.5769445998880806,0
2019,Netherlands,51.6,22.5,47249.19,3.75,70,17282163,40539.1,55680.0,3.35308908045977,55.668,2.075,42.258,118.23467230443975,2.7291446441155744,1.0279025722339676,0.5621256166314306,0.0660676532769556,0.5468666309587573,0
2020,Netherlands,53.2,24.0,45014.18,3.95,61,17407585,39983.1,52640.0,3.679711246200608,55.379,2.051,42.57,119.8308027225881,3.1425500840475076,1.0675411281655598,0.547273278403924,0.07274931797514399,0.5126484254001032,0
2021,Netherlands,49.8,24.7,46726.71,4.22,54,17475415,43713.6,52640.0,3.770896656534954,55.381,2.069,42.551,116.91971455535871,3.1745506123372573,1.0955290273799472,0.6766340491525517,0.08057795365111953,0.617632241813602,0
2022,Netherlands,49.8,24.7,47266.85,4.44,48,17590672,47960.4,52640.0,4.008358662613982,55.629,2.086,42.286,107.6231593298492,2.684593514633917,1.1693832196279035,0.6772446892821318,0.0742641475972223,0.5791469194312796,0
2013,Poland,32.3,34.9,5929.56,4.65,96,38062535,17635.2,1429010.0,1.8612885844045877,74.668,2.861,22.251,81.82895092956926,11.33449919846772,1.845814335977349,0.028244470815203437,0.0034698367094844517,0.015301902398676593,2
2014,Poland,34.9,32.3,4884.92,4.56,103,38017856,18245.9,1429010.0,1.737496588547316,75.533,2.607,21.629,76.15361683836885,10.323900112311254,1.7213432980685237,0.03355472053909402,0.004922283384867098,0.019493334407346248,2
2015,Poland,33.7,34.5,4933.4,4.03,108,38005614,19402.1,1429010.0,1.5601710274945593,75.614,2.716,21.48,69.70294897973358,9.205595143837424,1.5484574460696474,0.02333625036462891,0.007431484491116945,0.015070643642072213,2
2016,Poland,32.8,34.3,5493.99,3.72,105,37967209,19704.1,1410660.0,1.591524534615003,75.01,2.732,22.044,72.40267673682456,9.876784028433386,1.558491142333537,0.030266007663686343,0.012495140778586105,0.019420070375484388,2
2017,Poland,31.9,33.3,6883.92,3.41,101,37972964,20726.3,1410660.0,1.4373413863014475,75.288,2.651,21.871,79.36492936761947,10.343091270279219,1.3985763160799027,0.031384505021520806,0.014899017768458226,0.022440323535214045,2
2018,Poland,33.5,31.4,6493.06,3.33,93,37976687,21941.7,1410660.0,1.3627663646803625,75.719,2.425,21.664,81.0729355447727,10.16984707229591,1.3221867251737502,0.03665863111306746,0.017125701964641273,0.0277257594673325,2
2019,Poland,33.7,31.3,6844.66,3.49,107,37972812,23342.8,1410660.0,1.32243063530546,75.976,2.334,21.497,68.32371729889658,10.306350019071706,1.2820997433051438,0.04371028875594058,0.017594078492957212,0.034092736531760925,2
2020,Poland,33.1,31.3,8137.09,3.45,71,37958138,23914.1,1301490.0,1.4289775564929428,75.566,2.576,21.707,70.01394794664266,10.615282015552841,1.260466043052933,0.04527321845141194,0.021619995038922767,0.03591784062802452,2
2021,Poland,26.9,36.4,7473.03,3.78,64,37073357,26348.2,1301490.0,1.5356245533964916,76.29,2.617,20.939,71.4853331460295,10.770314546483714,1.3762699819444617,0.05026904267084244,0.023481840480489412,0.03652556789752827,2
2022,Poland,26.9,36.4,9640.65,3.91,52,36889761,28498.1,1301490.0,1.6279034030226895,78.638,2.677,18.528,73.11649829657787,11.016073515149083,1.4922639913395583,0.05352908072960137,0.02493328233984064,0.03587105300420069,2
2013,Portugal,30.1,33.3,10010.07,5.31,85,10503889,20147.8,264420.0,0.4631520560724101,30.621,20.109,48.857,29.87418508079265,4.649880586096349,0.329374385896967,0.05154879474435384,0.0,0.15650517147523132,1
2014,Portugal,35.1,32.3,10061.3,5.74,107,10444092,20574.6,264420.0,0.5153417542798074,29.682,20.249,49.645,35.58217039806038,4.988526065697396,0.3683191474601025,0.061626784946846896,0.0,0.16731898238747553,1
2015,Portugal,39.9,31.9,10904.24,6.53,89,10395121,21234.1,264420.0,0.7004008773920278,28.957,20.358,50.252,31.909348503259782,5.455706719566552,0.5012137925808451,0.0644108437549898,0.0005412675945797462,0.1285097192224622,1
2016,Portugal,40.6,31.9,11745.62,6.74,102,10368554,21874.5,258350.0,1.6435068705244822,26.952,21.007,51.592,29.807258853668458,5.232762696396961,1.1671119613858012,0.1756440281030445,0.00027487328341634505,0.15049458313707018,1
2017,Portugal,38.4,28.1,12364.71,6.84,80,10344478,22555.6,258350.0,0.7202115992516612,26.609,20.779,52.173,27.662753008052032,4.836073973001688,0.5017464948755701,0.08530229731940452,8.988650929336619e-05,0.1700107488355428,1
2018,Portugal,40.3,29.8,12094.49,5.68,67,10335770,23544.8,258350.0,2.0178053028836853,25.591,20.882,53.094,27.009203353068763,4.524404606472723,1.389029517876461,0.20996647997058338,0.006128463247872357,0.15116056013811624,1
2019,Portugal,35.8,31.8,13197.7,7.39,71,10333496,24459.5,258350.0,2.1819237468550416,25.154,21.731,52.708,27.074094895718574,4.196214961163898,1.4210912427804683,0.23520988637824675,0.008571421368553472,0.16551357104843,1
2020,Portugal,46.6,30.1,13300.5,8.05,61,10375395,22779.9,290230.0,2.0483754263859697,24.504,21.862,53.226,25.984973844011073,4.219967207416866,1.4973264725809174,0.260930231386683,0.009067073677529526,0.1742640874684609,1
2021,Portugal,44.0,38.3,15145.12,19.31,60,10394297,24397.4,290230.0,4.569823932742997,24.308,21.772,53.513,23.827871858375072,4.705592757998804,3.331390880182457,0.32552835562968135,0.007786557889290218,0.0977154489934404,1
2022,Portugal,44.0,38.3,13393.57,19.31,54,10421117,27632.7,290230.0,4.676635771629398,23.694,22.029,53.867,17.287234718273538,2.984824348117716,3.4485036497277632,0.34502821456791444,0.009146550607102297,0.1000515729757607,1
2013,Romania,37.6,32.6,4033.72,2.06,95,20020074,14195.9,3629660.0,0.4009466451403162,62.903,2.359,33.923,24.773600754855934,3.574130649912547,1.0466290389395194,0.007191843873699715,7.191843873699714e-05,0.006871435442864014,2
2014,Romania,44.5,29.0,4405.28,2.09,60,19947311,14779.1,3629660.0,0.18327703788600952,63.465,2.305,33.455,21.94886344738627,3.7433425738336217,0.4809928645213474,0.004820292273601718,2.4101461368008585e-05,0.010021546324597886,2
2015,Romania,49.5,19.3,4130.81,1.77,60,19870647,15539.0,3629660.0,0.1517681178586057,63.342,2.289,33.592,25.785912102534056,4.179480777750999,0.3974960108487596,0.00545997788107639,0.0001443165959755874,0.01373593125983299,2
2016,Romania,54.4,16.0,4257.09,1.67,58,19760585,16599.8,3419230.0,0.14295616264480598,63.473,2.339,33.44,25.465188948919632,4.0749657011208615,0.3615157331084954,0.006015400905515062,0.00017257297679756329,0.016639388979814512,2
2017,Romania,52.4,15.7,4828.19,1.93,62,19643949,18499.4,3419230.0,0.1326516983843341,63.861,2.372,33.041,28.50530687483041,4.72816048521707,0.3390409926398678,0.005680998480332907,0.00022424994001314104,0.016756081428676416,2
2018,Romania,78.2,9.2,4910.7,2.43,63,19533481,20050.5,3419230.0,0.2491204160000936,64.752,2.543,31.97,34.93723599831218,6.132816052793628,0.6350205088215516,0.013046324142260101,0.0008200546603706349,0.020544728809579714,2
2019,Romania,72.6,7.4,5145.59,2.86,51,19414458,21847.7,3419230.0,0.27131839624710824,64.853,2.276,32.169,32.979665996654035,6.358055810919011,0.6710011348504695,0.013814941980860156,0.0010849430875021066,0.020588552333728576,2
2020,Romania,81.6,6.8,5776.04,3.59,42,19328838,21929.4,2887070.0,0.33414499821618454,65.009,2.337,31.904,35.93364907117896,6.2764392128011774,0.7393016982404512,0.015403715284164062,0.002069155784439949,0.020835492899346948,2
2021,Romania,79.6,6.8,6875.64,4.42,34,19201662,23984.8,2887070.0,0.40047522228418436,65.661,2.337,31.269,39.05548487332249,7.930954332481069,0.884020650086246,0.015979961586924874,0.0019114786587230712,0.018076457360318283,2
2022,Romania,79.6,6.8,5334.21,5.08,27,19042455,26438.2,2887070.0,0.4363593539470813,64.766,2.39,32.125,36.20698903102958,6.840737743323253,0.9937227767444575,0.016012519739571747,0.001971985189602432,0.016113668836323227,2
2013,Slovakia,56.8,23.2,12554.51,8.18,96,5410836,20260.3,23570.0,1.4552397114976665,70.67,1.016,26.637,58.895727789848124,4.645555376949043,0.17785751694313226,0.024889681671342125,0.0,0.13994169096209913,2
2014,Slovakia,61.8,22.5,13815.3,9.37,92,5415949,20857.9,23570.0,0.7113562438127563,70.757,0.995,26.569,61.84555755872252,5.152930540907036,0.08711178537595748,0.012469281405703657,0.0006927378558724254,0.14314115308151093,2
2015,Slovakia,57.2,26.6,13768.36,9.47,95,5421349,21676.8,23570.0,1.7819261773440815,70.25,0.975,27.092,59.72907429380295,4.905389371135952,0.2185724099169425,0.024979703990507713,0.0,0.11428571428571428,2
2016,Slovakia,60.6,24.4,16716.68,9.75,95,5426252,20744.7,25660.0,1.6796570537802025,70.199,0.94,27.174,65.7862920036688,5.528224797798716,0.2246101892770783,0.018760943883932294,0.0010422746602184608,0.08352668213457076,2
2017,Slovakia,58.8,22.3,19825.45,9.9,99,5435343,20774.6,25660.0,0.6508183943881527,70.272,0.942,27.094,64.13576531546856,5.303430769633371,0.08740480988145395,0.04448747808337476,0.0005233820950985267,0.5089820359281437,2
2018,Slovakia,57.2,22.8,19427.56,9.85,105,5443120,21367.6,25660.0,0.6508183943881527,70.213,0.913,27.275,67.19161882534357,5.839419861008366,0.08700001041916293,0.04428144242891526,0.0005209581462225325,0.5089820359281437,2
2019,Slovakia,55.5,24.3,18230.2,10.31,99,5450421,22102.5,25660.0,2.2096648480124705,70.42,0.917,27.061,67.09348394606755,5.946558231065964,0.2959707265637642,0.07412318019762701,0.009917890308133191,0.25044091710758376,2
2020,Slovakia,52.1,23.3,19962.75,11.67,82,5457873,22559.1,19630.0,3.6474783494651044,70.472,0.927,27.181,66.84519695922599,6.266360913907563,0.3748612594500639,0.06230236015999665,0.013612280371091705,0.16620111731843576,2
2021,Slovakia,53.4,26.6,23207.72,13.45,59,5459781,24267.0,19630.0,8.329088130412634,71.465,0.913,27.586,68.68861556033252,7.023214968779126,0.8808650256178177,0.07003819775554514,0.017778927122561457,0.07951070336391437,2
2022,Slovakia,53.4,26.6,23267.7,13.69,48,5434712,25435.6,19630.0,8.492103922567498,71.543,0.91,27.523,62.3770407583861,5.639766600511575,0.9014757812880234,0.08814670206955477,0.016764096712614713,0.09778044391121776,2
2013,Slovenia,32.9,29.6,4893.55,8.07,87,2058821,21387.8,72380.0,4.206963249516441,36.357,5.701,57.942,56.92956628870931,8.114598341999207,6.358453924700871,0.4030153062289879,0.0,0.06338259441707718,1
2014,Slovenia,31.7,33.7,5542.16,8.55,95,2061085,21908.4,72380.0,4.54959933683338,36.306,5.649,58.045,59.33514443914477,8.276477053565873,6.8289749279359615,0.48941332614421107,0.0,0.0716671727907683,1
2015,Slovenia,30.0,36.7,6126.44,8.85,97,2062874,22527.7,72380.0,4.714009394860459,35.895,5.666,58.441,59.3864027177788,8.639852367571194,7.155139873338086,0.5850773812020299,0.0,0.08177022274325908,1
2016,Slovenia,31.5,35.7,5608.34,9.12,103,2064188,23324.2,69900.0,5.0257510729613735,36.383,5.786,57.833,56.72326082860552,8.37398203780853,7.35444972470534,0.648983607930161,0.0,0.08824366638200967,1
2017,Slovenia,31.3,35.8,5239.95,9.6,94,2065895,24853.5,69900.0,5.1888412017167385,36.218,5.783,57.999,56.2585684018113,8.283827011756886,7.533962028997549,0.7789456192098375,0.0,0.10339123242349049,1
2018,Slovenia,31.2,38.1,7280.27,10.01,99,2066880,26210.2,69900.0,5.347639484978541,36.194,5.813,57.994,57.106689264118174,8.612139853116565,7.82122905027933,0.2782834306279162,0.0,0.035580524344569285,1
2019,Slovenia,32.6,36.5,6583.43,10.35,73,2080908,27544.5,69900.0,5.469241773962804,36.305,5.808,57.888,58.45525405360343,7.373598432745613,7.967571172523029,0.2959443124505023,0.0,0.037143604499084486,1
2020,Slovenia,34.6,35.1,7198.09,10.29,68,2095861,26674.4,72470.0,5.084862701807644,36.268,5.972,57.759,57.20778415898855,7.5775730281370075,7.61269264140809,0.28715448498120066,0.0,0.03772048846675712,1
2021,Slovenia,33.3,35.5,5192.38,10.81,64,2108977,29184.2,72470.0,5.130398785704429,36.553,5.969,57.478,60.77916119209994,6.638303197146969,7.754072034870383,0.3274312290141609,0.0,0.0422270037654653,1
2022,Slovenia,33.3,35.5,5978.57,11.1,58,2107180,31791.2,72470.0,5.218711190837588,36.858,5.894,57.247,58.05018459420562,4.997601318232067,7.8885343011492814,0.44636338985879065,0.002085810232985003,0.05658381808566896,1
2013,Spain,36.6,30.4,27606.45,6.85,97,46712650,23545.3,965000.0,3.1608290155440413,52.397,19.928,27.198,40.92464769519085,8.045007846493892,1.2982574271416758,0.12096412064574921,0.002085588286995676,0.09317421808406007,1
2014,Spain,37.9,27.8,28997.6,7.26,106,46495744,24206.0,965000.0,3.17119170984456,52.968,20.04,26.508,46.74636366027513,7.382895988338598,1.2982473109794848,0.1307495657943524,0.0028423818650946176,0.10071237174040912,1
2015,Spain,41.4,25.9,30628.22,8.24,105,46425722,25343.8,965000.0,3.593056994818653,52.964,19.786,26.777,44.69585063317201,7.5232433671979155,1.450926763621086,0.14612627285106083,0.0030129128422899144,0.10071236985550716,1
2016,Spain,42.5,27.7,33222.07,8.48,89,46418884,26141.3,941650.0,3.8450592045876917,52.379,19.972,27.172,41.23872149907227,7.607637280806908,1.5202594186425866,0.15997426975524776,0.0038628957526201557,0.1052282707763692,1
2017,Spain,41.4,27.2,32225.24,8.73,70,46497393,27385.8,941650.0,4.004885042213137,51.574,20.394,27.559,44.97036580301753,7.986929913970647,1.5818327481995076,0.1802379963675563,0.005746475564895326,0.11394251166737378,1
2018,Spain,44.8,24.8,30969.16,9.28,75,46645070,27849.2,941650.0,4.19529549195561,50.102,20.349,29.078,42.70299327615052,7.684641418797112,1.632309185514697,0.19118325785031015,0.004503776768031945,0.11712441463105935,1
2019,Spain,43.5,27.8,29418.94,9.66,85,46918951,28657.1,941650.0,4.443052089417511,49.334,20.441,29.773,41.49290610487755,8.591372110065544,1.7166659964893651,0.21459350737701083,0.005621283080430303,0.1250059754290358,1
2020,Spain,48.4,25.7,30669.45,9.98,77,47318050,25128.8,914870.0,4.863313913452185,48.577,20.632,30.35,43.35236506548288,8.695322990362449,1.8208992728762416,0.2275868306579637,0.006670860168539487,0.12498595284651519,1
2021,Spain,43.1,30.4,30518.63,10.79,65,47400798,27843.2,914870.0,5.7779793850492425,48.045,20.82,30.696,42.174288709439644,7.0853876267383,2.164624658072759,0.24246122094642183,0.009418355145697858,0.11201074516183954,1
2022,Spain,43.1,30.4,30203.06,10.83,35,47486843,30822.4,914870.0,6.1048017751155905,47.344,20.699,31.515,30.13343690024975,4.275051159113855,2.261854476873003,0.23379502417123857,0.013445340035484359,0.10336430860682888,1
2013,Sweden,41.2,29.7,24622.86,16.5,86,9555893,33268.7,67150.0,8.315711094564408,85.262,0.15,14.588,53.061842902690316,3.8865906036731577,1.839213722958552,0.25098152881347,0.010210534636768465,0.13646131805157594,2
2014,Sweden,41.3,25.5,26990.0,16.53,86,9644864,33561.2,67150.0,8.050632911392405,85.002,0.118,14.35,59.64948107257079,3.985415356035928,1.7805913565892748,0.2816140602818775,0.010539941437450387,0.158157602663707,2
2015,Sweden,34.6,28.4,28455.48,17.14,82,9747355,35058.4,67150.0,8.3469843633656,85.036,0.11,14.854,62.80647877557086,4.127660277048558,1.8508428682285734,0.2905872835042185,0.010566810309244308,0.15700267618198038,2
2016,Sweden,34.9,28.6,25852.86,18.3,67,9851017,34928.8,62940.0,9.121385446456944,84.927,0.113,14.96,61.57064735246216,4.336427313533625,1.9004144432821788,0.3786925837162189,0.003310249857659256,0.19926842013586482,2
2017,Sweden,34.4,32.0,30069.7,19.16,70,9995153,35350.0,62940.0,9.216714331108992,84.849,0.11,15.041,65.91684183610782,4.781876687354925,1.9263657405101333,0.4409952945005097,0.004649046779372844,0.22892604723323565,2
2018,Sweden,29.3,34.4,24491.1,20.29,60,10120242,36018.7,62940.0,9.221480775341595,84.722,0.108,15.169,61.392019037525124,4.766047080546196,1.9344151926916169,0.44994150760401147,0.004332770073223815,0.23259820813232254,2
2019,Sweden,34.4,33.4,27543.61,20.43,57,10230185,37093.9,62940.0,9.103908484270734,84.536,0.112,15.352,60.80312036155725,4.259879259047251,1.906961574557871,0.34178874992511926,0.005990455208035197,0.17923211169284467,2
2020,Sweden,36.1,30.5,26761.62,20.31,58,10327589,36721.7,58790.0,9.336621874468447,84.462,0.116,15.422,71.6011099502918,5.523133945979757,1.8262941102098125,0.3486894202040232,0.004990783686126287,0.19092730916378212,2
2021,Sweden,31.7,36.2,33437.23,20.2,60,10379295,39804.8,58790.0,9.11719680217724,84.424,0.117,15.459,64.93701109923374,5.9275835772633885,1.7849352794456046,0.3756356334355675,0.008991278459893903,0.21044776119402986,2
2022,Sweden,31.7,36.2,43248.88,19.94,66,10452326,41401.8,58790.0,8.639224357883995,84.396,0.118,15.486,61.73251691050288,4.707563485333102,1.6957244639721152,0.3649196375509986,0.008346743768321103,0.21519984248867888,0
